start_date,end_date,country,indicator,Value,rate,frequency,currency
01/01/1948,31/01/1948,USA,unemp,2351,3.4,monthly,USD
01/02/1948,28/02/1948,USA,unemp,2807,3.8,monthly,USD
01/03/1948,31/03/1948,USA,unemp,2646,4,monthly,USD
01/04/1948,30/04/1948,USA,unemp,2407,3.9,monthly,USD
01/05/1948,31/05/1948,USA,unemp,2014,3.5,monthly,USD
01/06/1948,30/06/1948,USA,unemp,2408,3.6,monthly,USD
01/07/1948,31/07/1948,USA,unemp,2411,3.6,monthly,USD
01/08/1948,31/08/1948,USA,unemp,2238,3.9,monthly,USD
01/09/1948,30/09/1948,USA,unemp,2061,3.8,monthly,USD
01/10/1948,31/10/1948,USA,unemp,1747,3.7,monthly,USD
01/11/1948,30/11/1948,USA,unemp,2033,3.8,monthly,USD
01/12/1948,31/12/1948,USA,unemp,2205,4,monthly,USD
01/01/1949,31/01/1949,USA,unemp,2995,4.3,monthly,USD
01/02/1949,28/02/1949,USA,unemp,3474,4.7,monthly,USD
01/03/1949,31/03/1949,USA,unemp,3383,5,monthly,USD
01/04/1949,30/04/1949,USA,unemp,3277,5.3,monthly,USD
01/05/1949,31/05/1949,USA,unemp,3516,6.1,monthly,USD
01/06/1949,30/06/1949,USA,unemp,3966,6.2,monthly,USD
01/07/1949,31/07/1949,USA,unemp,4388,6.7,monthly,USD
01/08/1949,31/08/1949,USA,unemp,3956,6.8,monthly,USD
01/09/1949,30/09/1949,USA,unemp,3635,6.6,monthly,USD
01/10/1949,31/10/1949,USA,unemp,3788,7.9,monthly,USD
01/11/1949,30/11/1949,USA,unemp,3570,6.4,monthly,USD
01/12/1949,31/12/1949,USA,unemp,3690,6.6,monthly,USD
01/01/1950,31/01/1950,USA,unemp,4648,6.5,monthly,USD
01/02/1950,28/02/1950,USA,unemp,4791,6.4,monthly,USD
01/03/1950,31/03/1950,USA,unemp,4313,6.3,monthly,USD
01/04/1950,30/04/1950,USA,unemp,3665,5.8,monthly,USD
01/05/1950,31/05/1950,USA,unemp,3263,5.5,monthly,USD
01/06/1950,30/06/1950,USA,unemp,3551,5.4,monthly,USD
01/07/1950,31/07/1950,USA,unemp,3316,5,monthly,USD
01/08/1950,31/08/1950,USA,unemp,2613,4.5,monthly,USD
01/09/1950,30/09/1950,USA,unemp,2490,4.4,monthly,USD
01/10/1950,31/10/1950,USA,unemp,2055,4.2,monthly,USD
01/11/1950,30/11/1950,USA,unemp,2356,4.2,monthly,USD
01/12/1950,31/12/1950,USA,unemp,2409,4.3,monthly,USD
01/01/1951,31/01/1951,USA,unemp,2649,3.7,monthly,USD
01/02/1951,28/02/1951,USA,unemp,2538,3.4,monthly,USD
01/03/1951,31/03/1951,USA,unemp,2323,3.4,monthly,USD
01/04/1951,30/04/1951,USA,unemp,1938,3.1,monthly,USD
01/05/1951,31/05/1951,USA,unemp,1770,3,monthly,USD
01/06/1951,30/06/1951,USA,unemp,2132,3.2,monthly,USD
01/07/1951,31/07/1951,USA,unemp,2072,3.1,monthly,USD
01/08/1951,31/08/1951,USA,unemp,1806,3.1,monthly,USD
01/09/1951,30/09/1951,USA,unemp,1886,3.3,monthly,USD
01/10/1951,31/10/1951,USA,unemp,1754,3.5,monthly,USD
01/11/1951,30/11/1951,USA,unemp,1990,3.5,monthly,USD
01/12/1951,31/12/1951,USA,unemp,1796,3.1,monthly,USD
01/01/1952,31/01/1952,USA,unemp,2258,3.2,monthly,USD
01/02/1952,28/02/1952,USA,unemp,2340,3.1,monthly,USD
01/03/1952,31/03/1952,USA,unemp,2002,2.9,monthly,USD
01/04/1952,30/04/1952,USA,unemp,1836,2.9,monthly,USD
01/05/1952,31/05/1952,USA,unemp,1782,3,monthly,USD
01/06/1952,30/06/1952,USA,unemp,2032,3,monthly,USD
01/07/1952,31/07/1952,USA,unemp,2085,3.2,monthly,USD
01/08/1952,31/08/1952,USA,unemp,1918,3.4,monthly,USD
01/09/1952,30/09/1952,USA,unemp,1728,3.1,monthly,USD
01/10/1952,31/10/1952,USA,unemp,1480,3,monthly,USD
01/11/1952,30/11/1952,USA,unemp,1594,2.8,monthly,USD
01/12/1952,31/12/1952,USA,unemp,1545,2.7,monthly,USD
01/01/1953,31/01/1953,USA,unemp,2132,2.9,monthly,USD
01/02/1953,28/02/1953,USA,unemp,1964,2.6,monthly,USD
01/03/1953,31/03/1953,USA,unemp,1828,2.6,monthly,USD
01/04/1953,30/04/1953,USA,unemp,1764,2.7,monthly,USD
01/05/1953,31/05/1953,USA,unemp,1536,2.5,monthly,USD
01/06/1953,30/06/1953,USA,unemp,1732,2.5,monthly,USD
01/07/1953,31/07/1953,USA,unemp,1710,2.6,monthly,USD
01/08/1953,31/08/1953,USA,unemp,1512,2.7,monthly,USD
01/09/1953,30/09/1953,USA,unemp,1619,2.9,monthly,USD
01/10/1953,31/10/1953,USA,unemp,1572,3.1,monthly,USD
01/11/1953,30/11/1953,USA,unemp,2017,3.5,monthly,USD
01/12/1953,31/12/1953,USA,unemp,2634,4.5,monthly,USD
01/01/1954,31/01/1954,USA,unemp,3561,4.9,monthly,USD
01/02/1954,28/02/1954,USA,unemp,3983,5.2,monthly,USD
01/03/1954,31/03/1954,USA,unemp,4037,5.7,monthly,USD
01/04/1954,30/04/1954,USA,unemp,3846,5.9,monthly,USD
01/05/1954,31/05/1954,USA,unemp,3658,5.9,monthly,USD
01/06/1954,30/06/1954,USA,unemp,3681,5.6,monthly,USD
01/07/1954,31/07/1954,USA,unemp,3679,5.8,monthly,USD
01/08/1954,31/08/1954,USA,unemp,3470,6,monthly,USD
01/09/1954,30/09/1954,USA,unemp,3433,6.1,monthly,USD
01/10/1954,31/10/1954,USA,unemp,2929,5.7,monthly,USD
01/11/1954,30/11/1954,USA,unemp,3115,5.3,monthly,USD
01/12/1954,31/12/1954,USA,unemp,3009,5,monthly,USD
01/01/1955,31/01/1955,USA,unemp,3669,4.9,monthly,USD
01/02/1955,28/02/1955,USA,unemp,3569,4.7,monthly,USD
01/03/1955,31/03/1955,USA,unemp,3297,4.6,monthly,USD
01/04/1955,30/04/1955,USA,unemp,3162,4.7,monthly,USD
01/05/1955,31/05/1955,USA,unemp,2690,4.3,monthly,USD
01/06/1955,30/06/1955,USA,unemp,2893,4.2,monthly,USD
01/07/1955,31/07/1955,USA,unemp,2662,4,monthly,USD
01/08/1955,31/08/1955,USA,unemp,2536,4.2,monthly,USD
01/09/1955,30/09/1955,USA,unemp,2338,4.1,monthly,USD
01/10/1955,31/10/1955,USA,unemp,2284,4.3,monthly,USD
01/11/1955,30/11/1955,USA,unemp,2536,4.2,monthly,USD
01/12/1955,31/12/1955,USA,unemp,2601,4.2,monthly,USD
01/01/1956,31/01/1956,USA,unemp,3066,4,monthly,USD
01/02/1956,28/02/1956,USA,unemp,3092,3.9,monthly,USD
01/03/1956,31/03/1956,USA,unemp,3095,4.2,monthly,USD
01/04/1956,30/04/1956,USA,unemp,2710,4,monthly,USD
01/05/1956,31/05/1956,USA,unemp,2799,4.3,monthly,USD
01/06/1956,30/06/1956,USA,unemp,3179,4.3,monthly,USD
01/07/1956,31/07/1956,USA,unemp,2984,4.4,monthly,USD
01/08/1956,31/08/1956,USA,unemp,2467,4.1,monthly,USD
01/09/1956,30/09/1956,USA,unemp,2273,3.9,monthly,USD
01/10/1956,31/10/1956,USA,unemp,2091,3.9,monthly,USD
01/11/1956,30/11/1956,USA,unemp,2599,4.3,monthly,USD
01/12/1956,31/12/1956,USA,unemp,2660,4.2,monthly,USD
01/01/1957,31/01/1957,USA,unemp,3206,4.2,monthly,USD
01/02/1957,28/02/1957,USA,unemp,3085,3.9,monthly,USD
01/03/1957,31/03/1957,USA,unemp,2822,3.7,monthly,USD
01/04/1957,30/04/1957,USA,unemp,2627,3.9,monthly,USD
01/05/1957,31/05/1957,USA,unemp,2635,4.1,monthly,USD
01/06/1957,30/06/1957,USA,unemp,3131,4.3,monthly,USD
01/07/1957,31/07/1957,USA,unemp,2843,4.2,monthly,USD
01/08/1957,31/08/1957,USA,unemp,2526,4.1,monthly,USD
01/09/1957,30/09/1957,USA,unemp,2503,4.4,monthly,USD
01/10/1957,31/10/1957,USA,unemp,2465,4.5,monthly,USD
01/11/1957,30/11/1957,USA,unemp,3127,5.1,monthly,USD
01/12/1957,31/12/1957,USA,unemp,3332,5.2,monthly,USD
01/01/1958,31/01/1958,USA,unemp,4464,5.8,monthly,USD
01/02/1958,28/02/1958,USA,unemp,5116,6.4,monthly,USD
01/03/1958,31/03/1958,USA,unemp,5155,6.7,monthly,USD
01/04/1958,30/04/1958,USA,unemp,5064,7.4,monthly,USD
01/05/1958,31/05/1958,USA,unemp,4832,7.4,monthly,USD
01/06/1958,30/06/1958,USA,unemp,5223,7.3,monthly,USD
01/07/1958,31/07/1958,USA,unemp,5098,7.5,monthly,USD
01/08/1958,31/08/1958,USA,unemp,4607,7.4,monthly,USD
01/09/1958,30/09/1958,USA,unemp,4058,7.1,monthly,USD
01/10/1958,31/10/1958,USA,unemp,3750,6.7,monthly,USD
01/11/1958,30/11/1958,USA,unemp,3785,6.2,monthly,USD
01/12/1958,31/12/1958,USA,unemp,4068,6.2,monthly,USD
01/01/1959,31/01/1959,USA,unemp,4678,6,monthly,USD
01/02/1959,28/02/1959,USA,unemp,4698,5.9,monthly,USD
01/03/1959,31/03/1959,USA,unemp,4298,5.6,monthly,USD
01/04/1959,30/04/1959,USA,unemp,3558,5.2,monthly,USD
01/05/1959,31/05/1959,USA,unemp,3327,5.1,monthly,USD
01/06/1959,30/06/1959,USA,unemp,3780,5,monthly,USD
01/07/1959,31/07/1959,USA,unemp,3605,5.1,monthly,USD
01/08/1959,31/08/1959,USA,unemp,3347,5.2,monthly,USD
01/09/1959,30/09/1959,USA,unemp,3195,5.5,monthly,USD
01/10/1959,31/10/1959,USA,unemp,3231,5.7,monthly,USD
01/11/1959,30/11/1959,USA,unemp,3636,5.8,monthly,USD
01/12/1959,31/12/1959,USA,unemp,3521,5.3,monthly,USD
01/01/1960,31/01/1960,USA,unemp,4119,5.2,monthly,USD
01/02/1960,28/02/1960,USA,unemp,3886,4.8,monthly,USD
01/03/1960,31/03/1960,USA,unemp,4164,5.4,monthly,USD
01/04/1960,30/04/1960,USA,unemp,3607,5.2,monthly,USD
01/05/1960,31/05/1960,USA,unemp,3380,5.1,monthly,USD
01/06/1960,30/06/1960,USA,unemp,4172,5.4,monthly,USD
01/07/1960,31/07/1960,USA,unemp,3884,5.5,monthly,USD
01/08/1960,31/08/1960,USA,unemp,3711,5.6,monthly,USD
01/09/1960,30/09/1960,USA,unemp,3315,5.5,monthly,USD
01/10/1960,31/10/1960,USA,unemp,3537,6.1,monthly,USD
01/11/1960,30/11/1960,USA,unemp,3967,6.1,monthly,USD
01/12/1960,31/12/1960,USA,unemp,4470,6.6,monthly,USD
01/01/1961,31/01/1961,USA,unemp,5335,6.6,monthly,USD
01/02/1961,28/02/1961,USA,unemp,5654,6.9,monthly,USD
01/03/1961,31/03/1961,USA,unemp,5423,6.9,monthly,USD
01/04/1961,30/04/1961,USA,unemp,4887,7,monthly,USD
01/05/1961,31/05/1961,USA,unemp,4671,7.1,monthly,USD
01/06/1961,30/06/1961,USA,unemp,5313,6.9,monthly,USD
01/07/1961,31/07/1961,USA,unemp,4961,7,monthly,USD
01/08/1961,31/08/1961,USA,unemp,4440,6.6,monthly,USD
01/09/1961,30/09/1961,USA,unemp,4034,6.7,monthly,USD
01/10/1961,31/10/1961,USA,unemp,3863,6.5,monthly,USD
01/11/1961,30/11/1961,USA,unemp,3941,6.1,monthly,USD
01/12/1961,31/12/1961,USA,unemp,4041,6,monthly,USD
01/01/1962,31/01/1962,USA,unemp,4621,5.8,monthly,USD
01/02/1962,28/02/1962,USA,unemp,4481,5.5,monthly,USD
01/03/1962,31/03/1962,USA,unemp,4323,5.6,monthly,USD
01/04/1962,30/04/1962,USA,unemp,3863,5.6,monthly,USD
01/05/1962,31/05/1962,USA,unemp,3592,5.5,monthly,USD
01/06/1962,30/06/1962,USA,unemp,4219,5.5,monthly,USD
01/07/1962,31/07/1962,USA,unemp,3829,5.4,monthly,USD
01/08/1962,31/08/1962,USA,unemp,3842,5.7,monthly,USD
01/09/1962,30/09/1962,USA,unemp,3455,5.6,monthly,USD
01/10/1962,31/10/1962,USA,unemp,3234,5.4,monthly,USD
01/11/1962,30/11/1962,USA,unemp,3726,5.7,monthly,USD
01/12/1962,31/12/1962,USA,unemp,3760,5.5,monthly,USD
01/01/1963,31/01/1963,USA,unemp,4627,5.7,monthly,USD
01/02/1963,28/02/1963,USA,unemp,4870,5.9,monthly,USD
01/03/1963,31/03/1963,USA,unemp,4442,5.7,monthly,USD
01/04/1963,30/04/1963,USA,unemp,3993,5.7,monthly,USD
01/05/1963,31/05/1963,USA,unemp,3949,5.9,monthly,USD
01/06/1963,30/06/1963,USA,unemp,4554,5.6,monthly,USD
01/07/1963,31/07/1963,USA,unemp,4140,5.6,monthly,USD
01/08/1963,31/08/1963,USA,unemp,3755,5.4,monthly,USD
01/09/1963,30/09/1963,USA,unemp,3470,5.5,monthly,USD
01/10/1963,31/10/1963,USA,unemp,3394,5.5,monthly,USD
01/11/1963,30/11/1963,USA,unemp,3858,5.7,monthly,USD
01/12/1963,31/12/1963,USA,unemp,3788,5.5,monthly,USD
01/01/1964,31/01/1964,USA,unemp,4518,5.6,monthly,USD
01/02/1964,28/02/1964,USA,unemp,4461,5.4,monthly,USD
01/03/1964,31/03/1964,USA,unemp,4225,5.4,monthly,USD
01/04/1964,30/04/1964,USA,unemp,3831,5.3,monthly,USD
01/05/1964,31/05/1964,USA,unemp,3528,5.1,monthly,USD
01/06/1964,30/06/1964,USA,unemp,4453,5.2,monthly,USD
01/07/1964,31/07/1964,USA,unemp,3675,4.9,monthly,USD
01/08/1964,31/08/1964,USA,unemp,3551,5,monthly,USD
01/09/1964,30/09/1964,USA,unemp,3262,5.1,monthly,USD
01/10/1964,31/10/1964,USA,unemp,3198,5.1,monthly,USD
01/11/1964,30/11/1964,USA,unemp,3318,4.8,monthly,USD
01/12/1964,31/12/1964,USA,unemp,3409,5,monthly,USD
01/01/1965,31/01/1965,USA,unemp,3942,4.9,monthly,USD
01/02/1965,28/02/1965,USA,unemp,4172,5.1,monthly,USD
01/03/1965,31/03/1965,USA,unemp,3699,4.7,monthly,USD
01/04/1965,30/04/1965,USA,unemp,3492,4.8,monthly,USD
01/05/1965,31/05/1965,USA,unemp,3214,4.6,monthly,USD
01/06/1965,30/06/1965,USA,unemp,4057,4.6,monthly,USD
01/07/1965,31/07/1965,USA,unemp,3429,4.4,monthly,USD
01/08/1965,31/08/1965,USA,unemp,3165,4.4,monthly,USD
01/09/1965,30/09/1965,USA,unemp,2842,4.3,monthly,USD
01/10/1965,31/10/1965,USA,unemp,2709,4.2,monthly,USD
01/11/1965,30/11/1965,USA,unemp,2888,4.1,monthly,USD
01/12/1965,31/12/1965,USA,unemp,2786,4,monthly,USD
01/01/1966,31/01/1966,USA,unemp,3244,4,monthly,USD
01/02/1966,28/02/1966,USA,unemp,3109,3.8,monthly,USD
01/03/1966,31/03/1966,USA,unemp,2990,3.8,monthly,USD
01/04/1966,30/04/1966,USA,unemp,2730,3.8,monthly,USD
01/05/1966,31/05/1966,USA,unemp,2793,3.9,monthly,USD
01/06/1966,30/06/1966,USA,unemp,3592,3.8,monthly,USD
01/07/1966,31/07/1966,USA,unemp,3050,3.8,monthly,USD
01/08/1966,31/08/1966,USA,unemp,2821,3.8,monthly,USD
01/09/1966,30/09/1966,USA,unemp,2503,3.7,monthly,USD
01/10/1966,31/10/1966,USA,unemp,2465,3.7,monthly,USD
01/11/1966,30/11/1966,USA,unemp,2579,3.6,monthly,USD
01/12/1966,31/12/1966,USA,unemp,2655,3.8,monthly,USD
01/01/1967,31/01/1967,USA,unemp,3159,3.9,monthly,USD
01/02/1967,28/02/1967,USA,unemp,3184,3.8,monthly,USD
01/03/1967,31/03/1967,USA,unemp,2954,3.8,monthly,USD
01/04/1967,30/04/1967,USA,unemp,2664,3.8,monthly,USD
01/05/1967,31/05/1967,USA,unemp,2458,3.8,monthly,USD
01/06/1967,30/06/1967,USA,unemp,3628,3.9,monthly,USD
01/07/1967,31/07/1967,USA,unemp,3249,3.8,monthly,USD
01/08/1967,31/08/1967,USA,unemp,2942,3.8,monthly,USD
01/09/1967,30/09/1967,USA,unemp,2895,3.8,monthly,USD
01/10/1967,31/10/1967,USA,unemp,2952,4,monthly,USD
01/11/1967,30/11/1967,USA,unemp,2903,3.9,monthly,USD
01/12/1967,31/12/1967,USA,unemp,2720,3.8,monthly,USD
01/01/1968,31/01/1968,USA,unemp,3074,3.7,monthly,USD
01/02/1968,28/02/1968,USA,unemp,3287,3.8,monthly,USD
01/03/1968,31/03/1968,USA,unemp,2929,3.7,monthly,USD
01/04/1968,30/04/1968,USA,unemp,2491,3.5,monthly,USD
01/05/1968,31/05/1968,USA,unemp,2304,3.5,monthly,USD
01/06/1968,30/06/1968,USA,unemp,3615,3.7,monthly,USD
01/07/1968,31/07/1968,USA,unemp,3217,3.7,monthly,USD
01/08/1968,31/08/1968,USA,unemp,2772,3.5,monthly,USD
01/09/1968,30/09/1968,USA,unemp,2607,3.4,monthly,USD
01/10/1968,31/10/1968,USA,unemp,2510,3.4,monthly,USD
01/11/1968,30/11/1968,USA,unemp,2576,3.4,monthly,USD
01/12/1968,31/12/1968,USA,unemp,2418,3.4,monthly,USD
01/01/1969,31/01/1969,USA,unemp,2875,3.4,monthly,USD
01/02/1969,28/02/1969,USA,unemp,2923,3.4,monthly,USD
01/03/1969,31/03/1969,USA,unemp,2747,3.4,monthly,USD
01/04/1969,30/04/1969,USA,unemp,2542,3.4,monthly,USD
01/05/1969,31/05/1969,USA,unemp,2300,3.4,monthly,USD
01/06/1969,30/06/1969,USA,unemp,3399,3.5,monthly,USD
01/07/1969,31/07/1969,USA,unemp,3182,3.5,monthly,USD
01/08/1969,31/08/1969,USA,unemp,2870,3.5,monthly,USD
01/09/1969,30/09/1969,USA,unemp,2958,3.7,monthly,USD
01/10/1969,31/10/1969,USA,unemp,2840,3.7,monthly,USD
01/11/1969,30/11/1969,USA,unemp,2711,3.5,monthly,USD
01/12/1969,31/12/1969,USA,unemp,2627,3.5,monthly,USD
01/01/1970,31/01/1970,USA,unemp,3406,3.9,monthly,USD
01/02/1970,28/02/1970,USA,unemp,3794,4.2,monthly,USD
01/03/1970,31/03/1970,USA,unemp,3732,4.4,monthly,USD
01/04/1970,30/04/1970,USA,unemp,3552,4.6,monthly,USD
01/05/1970,31/05/1970,USA,unemp,3385,4.8,monthly,USD
01/06/1970,30/06/1970,USA,unemp,4671,4.9,monthly,USD
01/07/1970,31/07/1970,USA,unemp,4514,5,monthly,USD
01/08/1970,31/08/1970,USA,unemp,4226,5.1,monthly,USD
01/09/1970,30/09/1970,USA,unemp,4300,5.4,monthly,USD
01/10/1970,31/10/1970,USA,unemp,4269,5.5,monthly,USD
01/11/1970,30/11/1970,USA,unemp,4618,5.9,monthly,USD
01/12/1970,31/12/1970,USA,unemp,4650,6.1,monthly,USD
01/01/1971,31/01/1971,USA,unemp,5429,5.9,monthly,USD
01/02/1971,28/02/1971,USA,unemp,5458,5.9,monthly,USD
01/03/1971,31/03/1971,USA,unemp,5190,6,monthly,USD
01/04/1971,30/04/1971,USA,unemp,4712,5.9,monthly,USD
01/05/1971,31/05/1971,USA,unemp,4415,5.9,monthly,USD
01/06/1971,30/06/1971,USA,unemp,5511,5.9,monthly,USD
01/07/1971,31/07/1971,USA,unemp,5354,6,monthly,USD
01/08/1971,31/08/1971,USA,unemp,5086,6.1,monthly,USD
01/09/1971,30/09/1971,USA,unemp,4867,6,monthly,USD
01/10/1971,31/10/1971,USA,unemp,4599,5.8,monthly,USD
01/11/1971,30/11/1971,USA,unemp,4846,6,monthly,USD
01/12/1971,31/12/1971,USA,unemp,4728,6,monthly,USD
01/01/1972,31/01/1972,USA,unemp,5481,5.8,monthly,USD
01/02/1972,28/02/1972,USA,unemp,5446,5.7,monthly,USD
01/03/1972,31/03/1972,USA,unemp,5250,5.8,monthly,USD
01/04/1972,30/04/1972,USA,unemp,4732,5.7,monthly,USD
01/05/1972,31/05/1972,USA,unemp,4382,5.7,monthly,USD
01/06/1972,30/06/1972,USA,unemp,5467,5.7,monthly,USD
01/07/1972,31/07/1972,USA,unemp,5216,5.6,monthly,USD
01/08/1972,31/08/1972,USA,unemp,4901,5.6,monthly,USD
01/09/1972,30/09/1972,USA,unemp,4705,5.5,monthly,USD
01/10/1972,31/10/1972,USA,unemp,4518,5.6,monthly,USD
01/11/1972,30/11/1972,USA,unemp,4317,5.3,monthly,USD
01/12/1972,31/12/1972,USA,unemp,4169,5.2,monthly,USD
01/01/1973,31/01/1973,USA,unemp,4730,4.9,monthly,USD
01/02/1973,28/02/1973,USA,unemp,4898,5,monthly,USD
01/03/1973,31/03/1973,USA,unemp,4564,4.9,monthly,USD
01/04/1973,30/04/1973,USA,unemp,4227,5,monthly,USD
01/05/1973,31/05/1973,USA,unemp,3855,4.9,monthly,USD
01/06/1973,30/06/1973,USA,unemp,4907,4.9,monthly,USD
01/07/1973,31/07/1973,USA,unemp,4613,4.8,monthly,USD
01/08/1973,31/08/1973,USA,unemp,4273,4.8,monthly,USD
01/09/1973,30/09/1973,USA,unemp,4230,4.8,monthly,USD
01/10/1973,31/10/1973,USA,unemp,3830,4.6,monthly,USD
01/11/1973,30/11/1973,USA,unemp,4127,4.8,monthly,USD
01/12/1973,31/12/1973,USA,unemp,4130,4.9,monthly,USD
01/01/1974,31/01/1974,USA,unemp,5081,5.1,monthly,USD
01/02/1974,28/02/1974,USA,unemp,5212,5.2,monthly,USD
01/03/1974,31/03/1974,USA,unemp,4826,5.1,monthly,USD
01/04/1974,30/04/1974,USA,unemp,4372,5.1,monthly,USD
01/05/1974,31/05/1974,USA,unemp,4219,5.1,monthly,USD
01/06/1974,30/06/1974,USA,unemp,5459,5.4,monthly,USD
01/07/1974,31/07/1974,USA,unemp,5341,5.5,monthly,USD
01/08/1974,31/08/1974,USA,unemp,4967,5.5,monthly,USD
01/09/1974,30/09/1974,USA,unemp,5287,5.9,monthly,USD
01/10/1974,31/10/1974,USA,unemp,5131,6,monthly,USD
01/11/1974,30/11/1974,USA,unemp,5775,6.6,monthly,USD
01/12/1974,31/12/1974,USA,unemp,6199,7.2,monthly,USD
01/01/1975,31/01/1975,USA,unemp,8272,8.1,monthly,USD
01/02/1975,28/02/1975,USA,unemp,8399,8.1,monthly,USD
01/03/1975,31/03/1975,USA,unemp,8446,8.6,monthly,USD
01/04/1975,30/04/1975,USA,unemp,7908,8.8,monthly,USD
01/05/1975,31/05/1975,USA,unemp,7715,9,monthly,USD
01/06/1975,30/06/1975,USA,unemp,8667,8.8,monthly,USD
01/07/1975,31/07/1975,USA,unemp,8311,8.6,monthly,USD
01/08/1975,31/08/1975,USA,unemp,7799,8.4,monthly,USD
01/09/1975,30/09/1975,USA,unemp,7624,8.4,monthly,USD
01/10/1975,31/10/1975,USA,unemp,7350,8.4,monthly,USD
01/11/1975,30/11/1975,USA,unemp,7341,8.3,monthly,USD
01/12/1975,31/12/1975,USA,unemp,7307,8.2,monthly,USD
01/01/1976,31/01/1976,USA,unemp,8286,7.9,monthly,USD
01/02/1976,28/02/1976,USA,unemp,8143,7.7,monthly,USD
01/03/1976,31/03/1976,USA,unemp,7631,7.6,monthly,USD
01/04/1976,30/04/1976,USA,unemp,6996,7.7,monthly,USD
01/05/1976,31/05/1976,USA,unemp,6415,7.4,monthly,USD
01/06/1976,30/06/1976,USA,unemp,7772,7.6,monthly,USD
01/07/1976,31/07/1976,USA,unemp,7697,7.8,monthly,USD
01/08/1976,31/08/1976,USA,unemp,7443,7.8,monthly,USD
01/09/1976,30/09/1976,USA,unemp,7148,7.6,monthly,USD
01/10/1976,31/10/1976,USA,unemp,6958,7.7,monthly,USD
01/11/1976,30/11/1976,USA,unemp,7224,7.8,monthly,USD
01/12/1976,31/12/1976,USA,unemp,7154,7.8,monthly,USD
01/01/1977,31/01/1977,USA,unemp,7980,7.5,monthly,USD
01/02/1977,28/02/1977,USA,unemp,8237,7.6,monthly,USD
01/03/1977,31/03/1977,USA,unemp,7680,7.4,monthly,USD
01/04/1977,30/04/1977,USA,unemp,6692,7.2,monthly,USD
01/05/1977,31/05/1977,USA,unemp,6280,7,monthly,USD
01/06/1977,30/06/1977,USA,unemp,7589,7.2,monthly,USD
01/07/1977,31/07/1977,USA,unemp,7081,6.9,monthly,USD
01/08/1977,31/08/1977,USA,unemp,6897,7,monthly,USD
01/09/1977,30/09/1977,USA,unemp,6579,6.8,monthly,USD
01/10/1977,31/10/1977,USA,unemp,6365,6.8,monthly,USD
01/11/1977,30/11/1977,USA,unemp,6495,6.8,monthly,USD
01/12/1977,31/12/1977,USA,unemp,6031,6.4,monthly,USD
01/01/1978,31/01/1978,USA,unemp,7048,6.4,monthly,USD
01/02/1978,28/02/1978,USA,unemp,6886,6.3,monthly,USD
01/03/1978,31/03/1978,USA,unemp,6621,6.3,monthly,USD
01/04/1978,30/04/1978,USA,unemp,5826,6.1,monthly,USD
01/05/1978,31/05/1978,USA,unemp,5605,6,monthly,USD
01/06/1978,30/06/1978,USA,unemp,6481,5.9,monthly,USD
01/07/1978,31/07/1978,USA,unemp,6597,6.2,monthly,USD
01/08/1978,31/08/1978,USA,unemp,6090,5.9,monthly,USD
01/09/1978,30/09/1978,USA,unemp,5958,6,monthly,USD
01/10/1978,31/10/1978,USA,unemp,5624,5.8,monthly,USD
01/11/1978,30/11/1978,USA,unemp,5797,5.9,monthly,USD
01/12/1978,31/12/1978,USA,unemp,5896,6,monthly,USD
01/01/1979,31/01/1979,USA,unemp,6602,5.9,monthly,USD
01/02/1979,28/02/1979,USA,unemp,6649,5.9,monthly,USD
01/03/1979,31/03/1979,USA,unemp,6325,5.8,monthly,USD
01/04/1979,30/04/1979,USA,unemp,5720,5.8,monthly,USD
01/05/1979,31/05/1979,USA,unemp,5419,5.6,monthly,USD
01/06/1979,30/06/1979,USA,unemp,6409,5.7,monthly,USD
01/07/1979,31/07/1979,USA,unemp,6282,5.7,monthly,USD
01/08/1979,31/08/1979,USA,unemp,6315,6,monthly,USD
01/09/1979,30/09/1979,USA,unemp,5978,5.9,monthly,USD
01/10/1979,31/10/1979,USA,unemp,5964,6,monthly,USD
01/11/1979,30/11/1979,USA,unemp,5964,5.9,monthly,USD
01/12/1979,31/12/1979,USA,unemp,6027,6,monthly,USD
01/01/1980,31/01/1980,USA,unemp,7234,6.3,monthly,USD
01/02/1980,28/02/1980,USA,unemp,7177,6.3,monthly,USD
01/03/1980,31/03/1980,USA,unemp,6983,6.3,monthly,USD
01/04/1980,30/04/1980,USA,unemp,7023,6.9,monthly,USD
01/05/1980,31/05/1980,USA,unemp,7501,7.5,monthly,USD
01/06/1980,30/06/1980,USA,unemp,8481,7.6,monthly,USD
01/07/1980,31/07/1980,USA,unemp,8603,7.8,monthly,USD
01/08/1980,31/08/1980,USA,unemp,8202,7.7,monthly,USD
01/09/1980,30/09/1980,USA,unemp,7655,7.5,monthly,USD
01/10/1980,31/10/1980,USA,unemp,7674,7.5,monthly,USD
01/11/1980,30/11/1980,USA,unemp,7682,7.5,monthly,USD
01/12/1980,31/12/1980,USA,unemp,7430,7.2,monthly,USD
01/01/1981,31/01/1981,USA,unemp,8746,7.5,monthly,USD
01/02/1981,28/02/1981,USA,unemp,8614,7.4,monthly,USD
01/03/1981,31/03/1981,USA,unemp,8271,7.4,monthly,USD
01/04/1981,30/04/1981,USA,unemp,7561,7.2,monthly,USD
01/05/1981,31/05/1981,USA,unemp,7731,7.5,monthly,USD
01/06/1981,30/06/1981,USA,unemp,8485,7.5,monthly,USD
01/07/1981,31/07/1981,USA,unemp,8130,7.2,monthly,USD
01/08/1981,31/08/1981,USA,unemp,7947,7.4,monthly,USD
01/09/1981,30/09/1981,USA,unemp,7884,7.6,monthly,USD
01/10/1981,31/10/1981,USA,unemp,8216,7.9,monthly,USD
01/11/1981,30/11/1981,USA,unemp,8676,8.3,monthly,USD
01/12/1981,31/12/1981,USA,unemp,9013,8.5,monthly,USD
01/01/1982,31/01/1982,USA,unemp,10183,8.6,monthly,USD
01/02/1982,28/02/1982,USA,unemp,10378,8.9,monthly,USD
01/03/1982,31/03/1982,USA,unemp,10290,9,monthly,USD
01/04/1982,30/04/1982,USA,unemp,9957,9.3,monthly,USD
01/05/1982,31/05/1982,USA,unemp,9957,9.4,monthly,USD
01/06/1982,30/06/1982,USA,unemp,10886,9.6,monthly,USD
01/07/1982,31/07/1982,USA,unemp,11036,9.8,monthly,USD
01/08/1982,31/08/1982,USA,unemp,10710,9.8,monthly,USD
01/09/1982,30/09/1982,USA,unemp,10695,10.1,monthly,USD
01/10/1982,31/10/1982,USA,unemp,10942,10.4,monthly,USD
01/11/1982,30/11/1982,USA,unemp,11476,10.8,monthly,USD
01/12/1982,31/12/1982,USA,unemp,11628,10.8,monthly,USD
01/01/1983,31/01/1983,USA,unemp,12517,10.4,monthly,USD
01/02/1983,28/02/1983,USA,unemp,12382,10.4,monthly,USD
01/03/1983,31/03/1983,USA,unemp,11879,10.3,monthly,USD
01/04/1983,30/04/1983,USA,unemp,11035,10.2,monthly,USD
01/05/1983,31/05/1983,USA,unemp,10765,10.1,monthly,USD
01/06/1983,30/06/1983,USA,unemp,11570,10.1,monthly,USD
01/07/1983,31/07/1983,USA,unemp,10707,9.4,monthly,USD
01/08/1983,31/08/1983,USA,unemp,10411,9.5,monthly,USD
01/09/1983,30/09/1983,USA,unemp,9830,9.2,monthly,USD
01/10/1983,31/10/1983,USA,unemp,9383,8.8,monthly,USD
01/11/1983,30/11/1983,USA,unemp,9129,8.5,monthly,USD
01/12/1983,31/12/1983,USA,unemp,8992,8.3,monthly,USD
01/01/1984,31/01/1984,USA,unemp,9755,8,monthly,USD
01/02/1984,28/02/1984,USA,unemp,9407,7.8,monthly,USD
01/03/1984,31/03/1984,USA,unemp,9057,7.8,monthly,USD
01/04/1984,30/04/1984,USA,unemp,8525,7.7,monthly,USD
01/05/1984,31/05/1984,USA,unemp,8154,7.4,monthly,USD
01/06/1984,30/06/1984,USA,unemp,8582,7.2,monthly,USD
01/07/1984,31/07/1984,USA,unemp,8714,7.5,monthly,USD
01/08/1984,31/08/1984,USA,unemp,8382,7.5,monthly,USD
01/09/1984,30/09/1984,USA,unemp,8051,7.3,monthly,USD
01/10/1984,31/10/1984,USA,unemp,7989,7.4,monthly,USD
01/11/1984,30/11/1984,USA,unemp,7869,7.2,monthly,USD
01/12/1984,31/12/1984,USA,unemp,7978,7.3,monthly,USD
01/01/1985,31/01/1985,USA,unemp,9131,7.3,monthly,USD
01/02/1985,28/02/1985,USA,unemp,8902,7.2,monthly,USD
01/03/1985,31/03/1985,USA,unemp,8625,7.2,monthly,USD
01/04/1985,30/04/1985,USA,unemp,8150,7.3,monthly,USD
01/05/1985,31/05/1985,USA,unemp,8011,7.2,monthly,USD
01/06/1985,30/06/1985,USA,unemp,8753,7.4,monthly,USD
01/07/1985,31/07/1985,USA,unemp,8682,7.4,monthly,USD
01/08/1985,31/08/1985,USA,unemp,8051,7.1,monthly,USD
01/09/1985,30/09/1985,USA,unemp,7984,7.1,monthly,USD
01/10/1985,31/10/1985,USA,unemp,7917,7.1,monthly,USD
01/11/1985,30/11/1985,USA,unemp,7815,7,monthly,USD
01/12/1985,31/12/1985,USA,unemp,7717,7,monthly,USD
01/01/1986,31/01/1986,USA,unemp,8472,6.7,monthly,USD
01/02/1986,28/02/1986,USA,unemp,9041,7.2,monthly,USD
01/03/1986,31/03/1986,USA,unemp,8667,7.2,monthly,USD
01/04/1986,30/04/1986,USA,unemp,8115,7.1,monthly,USD
01/05/1986,31/05/1986,USA,unemp,8158,7.2,monthly,USD
01/06/1986,30/06/1986,USA,unemp,8775,7.2,monthly,USD
01/07/1986,31/07/1986,USA,unemp,8471,7,monthly,USD
01/08/1986,31/08/1986,USA,unemp,7955,6.9,monthly,USD
01/09/1986,30/09/1986,USA,unemp,8015,7,monthly,USD
01/10/1986,31/10/1986,USA,unemp,7842,7,monthly,USD
01/11/1986,30/11/1986,USA,unemp,7872,6.9,monthly,USD
01/12/1986,31/12/1986,USA,unemp,7461,6.6,monthly,USD
01/01/1987,31/01/1987,USA,unemp,8620,6.6,monthly,USD
01/02/1987,28/02/1987,USA,unemp,8503,6.6,monthly,USD
01/03/1987,31/03/1987,USA,unemp,8124,6.6,monthly,USD
01/04/1987,30/04/1987,USA,unemp,7306,6.3,monthly,USD
01/05/1987,31/05/1987,USA,unemp,7318,6.3,monthly,USD
01/06/1987,30/06/1987,USA,unemp,7655,6.2,monthly,USD
01/07/1987,31/07/1987,USA,unemp,7453,6.1,monthly,USD
01/08/1987,31/08/1987,USA,unemp,7088,6,monthly,USD
01/09/1987,30/09/1987,USA,unemp,6857,5.9,monthly,USD
01/10/1987,31/10/1987,USA,unemp,6845,6,monthly,USD
01/11/1987,30/11/1987,USA,unemp,6802,5.8,monthly,USD
01/12/1987,31/12/1987,USA,unemp,6526,5.7,monthly,USD
01/01/1988,31/01/1988,USA,unemp,7603,5.7,monthly,USD
01/02/1988,28/02/1988,USA,unemp,7482,5.7,monthly,USD
01/03/1988,31/03/1988,USA,unemp,7090,5.7,monthly,USD
01/04/1988,30/04/1988,USA,unemp,6359,5.4,monthly,USD
01/05/1988,31/05/1988,USA,unemp,6553,5.6,monthly,USD
01/06/1988,30/06/1988,USA,unemp,6819,5.4,monthly,USD
01/07/1988,31/07/1988,USA,unemp,6823,5.4,monthly,USD
01/08/1988,31/08/1988,USA,unemp,6659,5.6,monthly,USD
01/09/1988,30/09/1988,USA,unemp,6368,5.4,monthly,USD
01/10/1988,31/10/1988,USA,unemp,6182,5.4,monthly,USD
01/11/1988,30/11/1988,USA,unemp,6325,5.3,monthly,USD
01/12/1988,31/12/1988,USA,unemp,6142,5.3,monthly,USD
01/01/1989,31/01/1989,USA,unemp,7309,5.4,monthly,USD
01/02/1989,28/02/1989,USA,unemp,6883,5.2,monthly,USD
01/03/1989,31/03/1989,USA,unemp,6378,5,monthly,USD
01/04/1989,30/04/1989,USA,unemp,6229,5.2,monthly,USD
01/05/1989,31/05/1989,USA,unemp,6156,5.2,monthly,USD
01/06/1989,30/06/1989,USA,unemp,6850,5.3,monthly,USD
01/07/1989,31/07/1989,USA,unemp,6736,5.2,monthly,USD
01/08/1989,31/08/1989,USA,unemp,6352,5.2,monthly,USD
01/09/1989,30/09/1989,USA,unemp,6330,5.3,monthly,USD
01/10/1989,31/10/1989,USA,unemp,6222,5.3,monthly,USD
01/11/1989,30/11/1989,USA,unemp,6495,5.4,monthly,USD
01/12/1989,31/12/1989,USA,unemp,6300,5.4,monthly,USD
01/01/1990,31/01/1990,USA,unemp,7413,5.4,monthly,USD
01/02/1990,28/02/1990,USA,unemp,7296,5.3,monthly,USD
01/03/1990,31/03/1990,USA,unemp,6852,5.2,monthly,USD
01/04/1990,30/04/1990,USA,unemp,6620,5.4,monthly,USD
01/05/1990,31/05/1990,USA,unemp,6533,5.4,monthly,USD
01/06/1990,30/06/1990,USA,unemp,6884,5.2,monthly,USD
01/07/1990,31/07/1990,USA,unemp,7137,5.5,monthly,USD
01/08/1990,31/08/1990,USA,unemp,7008,5.7,monthly,USD
01/09/1990,30/09/1990,USA,unemp,7003,5.9,monthly,USD
01/10/1990,31/10/1990,USA,unemp,6892,5.9,monthly,USD
01/11/1990,30/11/1990,USA,unemp,7396,6.2,monthly,USD
01/12/1990,31/12/1990,USA,unemp,7525,6.3,monthly,USD
01/01/1991,31/01/1991,USA,unemp,8787,6.4,monthly,USD
01/02/1991,28/02/1991,USA,unemp,9121,6.6,monthly,USD
01/03/1991,31/03/1991,USA,unemp,8995,6.8,monthly,USD
01/04/1991,30/04/1991,USA,unemp,8226,6.7,monthly,USD
01/05/1991,31/05/1991,USA,unemp,8435,6.9,monthly,USD
01/06/1991,30/06/1991,USA,unemp,8992,6.9,monthly,USD
01/07/1991,31/07/1991,USA,unemp,8792,6.8,monthly,USD
01/08/1991,31/08/1991,USA,unemp,8439,6.9,monthly,USD
01/09/1991,30/09/1991,USA,unemp,8270,6.9,monthly,USD
01/10/1991,31/10/1991,USA,unemp,8232,7,monthly,USD
01/11/1991,30/11/1991,USA,unemp,8494,7,monthly,USD
01/12/1991,31/12/1991,USA,unemp,8755,7.3,monthly,USD
01/01/1992,31/01/1992,USA,unemp,10186,7.3,monthly,USD
01/02/1992,28/02/1992,USA,unemp,10401,7.4,monthly,USD
01/03/1992,31/03/1992,USA,unemp,9913,7.4,monthly,USD
01/04/1992,30/04/1992,USA,unemp,9135,7.4,monthly,USD
01/05/1992,31/05/1992,USA,unemp,9389,7.6,monthly,USD
01/06/1992,30/06/1992,USA,unemp,10366,7.8,monthly,USD
01/07/1992,31/07/1992,USA,unemp,10099,7.7,monthly,USD
01/08/1992,31/08/1992,USA,unemp,9605,7.6,monthly,USD
01/09/1992,30/09/1992,USA,unemp,9316,7.6,monthly,USD
01/10/1992,31/10/1992,USA,unemp,8813,7.3,monthly,USD
01/11/1992,30/11/1992,USA,unemp,9086,7.4,monthly,USD
01/12/1992,31/12/1992,USA,unemp,9045,7.4,monthly,USD
01/01/1993,31/01/1993,USA,unemp,10158,7.3,monthly,USD
01/02/1993,28/02/1993,USA,unemp,10004,7.1,monthly,USD
01/03/1993,31/03/1993,USA,unemp,9478,7,monthly,USD
01/04/1993,30/04/1993,USA,unemp,8835,7.1,monthly,USD
01/05/1993,31/05/1993,USA,unemp,8807,7.1,monthly,USD
01/06/1993,30/06/1993,USA,unemp,9473,7,monthly,USD
01/07/1993,31/07/1993,USA,unemp,9223,6.9,monthly,USD
01/08/1993,31/08/1993,USA,unemp,8655,6.8,monthly,USD
01/09/1993,30/09/1993,USA,unemp,8302,6.7,monthly,USD
01/10/1993,31/10/1993,USA,unemp,8296,6.8,monthly,USD
01/11/1993,30/11/1993,USA,unemp,8094,6.6,monthly,USD
01/12/1993,31/12/1993,USA,unemp,7959,6.5,monthly,USD
01/01/1994,31/01/1994,USA,unemp,9492,6.6,monthly,USD
01/02/1994,28/02/1994,USA,unemp,9262,6.6,monthly,USD
01/03/1994,31/03/1994,USA,unemp,8874,6.5,monthly,USD
01/04/1994,30/04/1994,USA,unemp,8078,6.4,monthly,USD
01/05/1994,31/05/1994,USA,unemp,7656,6.1,monthly,USD
01/06/1994,30/06/1994,USA,unemp,8251,6.1,monthly,USD
01/07/1994,31/07/1994,USA,unemp,8281,6.1,monthly,USD
01/08/1994,31/08/1994,USA,unemp,7868,6,monthly,USD
01/09/1994,30/09/1994,USA,unemp,7379,5.9,monthly,USD
01/10/1994,31/10/1994,USA,unemp,7155,5.8,monthly,USD
01/11/1994,30/11/1994,USA,unemp,6973,5.6,monthly,USD
01/12/1994,31/12/1994,USA,unemp,6690,5.5,monthly,USD
01/01/1995,31/01/1995,USA,unemp,8101,5.6,monthly,USD
01/02/1995,28/02/1995,USA,unemp,7685,5.4,monthly,USD
01/03/1995,31/03/1995,USA,unemp,7480,5.4,monthly,USD
01/04/1995,30/04/1995,USA,unemp,7378,5.8,monthly,USD
01/05/1995,31/05/1995,USA,unemp,7185,5.6,monthly,USD
01/06/1995,30/06/1995,USA,unemp,7727,5.6,monthly,USD
01/07/1995,31/07/1995,USA,unemp,7892,5.7,monthly,USD
01/08/1995,31/08/1995,USA,unemp,7457,5.7,monthly,USD
01/09/1995,30/09/1995,USA,unemp,7167,5.6,monthly,USD
01/10/1995,31/10/1995,USA,unemp,6884,5.5,monthly,USD
01/11/1995,30/11/1995,USA,unemp,7024,5.6,monthly,USD
01/12/1995,31/12/1995,USA,unemp,6872,5.6,monthly,USD
01/01/1996,31/01/1996,USA,unemp,8270,5.6,monthly,USD
01/02/1996,28/02/1996,USA,unemp,7858,5.5,monthly,USD
01/03/1996,31/03/1996,USA,unemp,7700,5.5,monthly,USD
01/04/1996,30/04/1996,USA,unemp,7124,5.6,monthly,USD
01/05/1996,31/05/1996,USA,unemp,7166,5.6,monthly,USD
01/06/1996,30/06/1996,USA,unemp,7377,5.3,monthly,USD
01/07/1996,31/07/1996,USA,unemp,7693,5.5,monthly,USD
01/08/1996,31/08/1996,USA,unemp,6868,5.1,monthly,USD
01/09/1996,30/09/1996,USA,unemp,6700,5.2,monthly,USD
01/10/1996,31/10/1996,USA,unemp,6577,5.2,monthly,USD
01/11/1996,30/11/1996,USA,unemp,6816,5.4,monthly,USD
01/12/1996,31/12/1996,USA,unemp,6680,5.4,monthly,USD
01/01/1997,31/01/1997,USA,unemp,7933,5.3,monthly,USD
01/02/1997,28/02/1997,USA,unemp,7647,5.2,monthly,USD
01/03/1997,31/03/1997,USA,unemp,7399,5.2,monthly,USD
01/04/1997,30/04/1997,USA,unemp,6551,5.1,monthly,USD
01/05/1997,31/05/1997,USA,unemp,6398,4.9,monthly,USD
01/06/1997,30/06/1997,USA,unemp,7094,5,monthly,USD
01/07/1997,31/07/1997,USA,unemp,6981,4.9,monthly,USD
01/08/1997,31/08/1997,USA,unemp,6594,4.8,monthly,USD
01/09/1997,30/09/1997,USA,unemp,6403,4.9,monthly,USD
01/10/1997,31/10/1997,USA,unemp,5995,4.7,monthly,USD
01/11/1997,30/11/1997,USA,unemp,5914,4.6,monthly,USD
01/12/1997,31/12/1997,USA,unemp,5957,4.7,monthly,USD
01/01/1998,31/01/1998,USA,unemp,7069,4.6,monthly,USD
01/02/1998,28/02/1998,USA,unemp,6804,4.6,monthly,USD
01/03/1998,31/03/1998,USA,unemp,6816,4.7,monthly,USD
01/04/1998,30/04/1998,USA,unemp,5643,4.3,monthly,USD
01/05/1998,31/05/1998,USA,unemp,5764,4.4,monthly,USD
01/06/1998,30/06/1998,USA,unemp,6534,4.5,monthly,USD
01/07/1998,31/07/1998,USA,unemp,6567,4.5,monthly,USD
01/08/1998,31/08/1998,USA,unemp,6173,4.5,monthly,USD
01/09/1998,30/09/1998,USA,unemp,6039,4.6,monthly,USD
01/10/1998,31/10/1998,USA,unemp,5831,4.5,monthly,USD
01/11/1998,30/11/1998,USA,unemp,5711,4.4,monthly,USD
01/12/1998,31/12/1998,USA,unemp,5565,4.4,monthly,USD
01/01/1999,31/01/1999,USA,unemp,6604,4.3,monthly,USD
01/02/1999,28/02/1999,USA,unemp,6563,4.4,monthly,USD
01/03/1999,31/03/1999,USA,unemp,6119,4.2,monthly,USD
01/04/1999,30/04/1999,USA,unemp,5688,4.3,monthly,USD
01/05/1999,31/05/1999,USA,unemp,5507,4.2,monthly,USD
01/06/1999,30/06/1999,USA,unemp,6271,4.3,monthly,USD
01/07/1999,31/07/1999,USA,unemp,6319,4.3,monthly,USD
01/08/1999,31/08/1999,USA,unemp,5826,4.2,monthly,USD
01/09/1999,30/09/1999,USA,unemp,5661,4.2,monthly,USD
01/10/1999,31/10/1999,USA,unemp,5372,4.1,monthly,USD
01/11/1999,30/11/1999,USA,unemp,5380,4.1,monthly,USD
01/12/1999,31/12/1999,USA,unemp,5245,4,monthly,USD
01/01/2000,31/01/2000,USA,unemp,6316,4,monthly,USD
01/02/2000,28/02/2000,USA,unemp,6284,4.1,monthly,USD
01/03/2000,31/03/2000,USA,unemp,6069,4,monthly,USD
01/04/2000,30/04/2000,USA,unemp,5212,3.8,monthly,USD
01/05/2000,31/05/2000,USA,unemp,5460,4,monthly,USD
01/06/2000,30/06/2000,USA,unemp,5959,4,monthly,USD
01/07/2000,31/07/2000,USA,unemp,6028,4,monthly,USD
01/08/2000,31/08/2000,USA,unemp,5863,4.1,monthly,USD
01/09/2000,30/09/2000,USA,unemp,5359,3.9,monthly,USD
01/10/2000,31/10/2000,USA,unemp,5153,3.9,monthly,USD
01/11/2000,30/11/2000,USA,unemp,5336,3.9,monthly,USD
01/12/2000,31/12/2000,USA,unemp,5264,3.9,monthly,USD
01/01/2001,31/01/2001,USA,unemp,6647,4.2,monthly,USD
01/02/2001,28/02/2001,USA,unemp,6523,4.2,monthly,USD
01/03/2001,31/03/2001,USA,unemp,6509,4.3,monthly,USD
01/04/2001,30/04/2001,USA,unemp,6004,4.4,monthly,USD
01/05/2001,31/05/2001,USA,unemp,5901,4.3,monthly,USD
01/06/2001,30/06/2001,USA,unemp,6816,4.5,monthly,USD
01/07/2001,31/07/2001,USA,unemp,6858,4.6,monthly,USD
01/08/2001,31/08/2001,USA,unemp,7017,4.9,monthly,USD
01/09/2001,30/09/2001,USA,unemp,6766,5,monthly,USD
01/10/2001,31/10/2001,USA,unemp,7175,5.3,monthly,USD
01/11/2001,30/11/2001,USA,unemp,7617,5.5,monthly,USD
01/12/2001,31/12/2001,USA,unemp,7773,5.7,monthly,USD
01/01/2002,31/01/2002,USA,unemp,9051,5.7,monthly,USD
01/02/2002,28/02/2002,USA,unemp,8823,5.7,monthly,USD
01/03/2002,31/03/2002,USA,unemp,8776,5.7,monthly,USD
01/04/2002,30/04/2002,USA,unemp,8255,5.9,monthly,USD
01/05/2002,31/05/2002,USA,unemp,7969,5.8,monthly,USD
01/06/2002,30/06/2002,USA,unemp,8758,5.8,monthly,USD
01/07/2002,31/07/2002,USA,unemp,8693,5.8,monthly,USD
01/08/2002,31/08/2002,USA,unemp,8271,5.7,monthly,USD
01/09/2002,30/09/2002,USA,unemp,7790,5.7,monthly,USD
01/10/2002,31/10/2002,USA,unemp,7769,5.7,monthly,USD
01/11/2002,30/11/2002,USA,unemp,8170,5.9,monthly,USD
01/12/2002,31/12/2002,USA,unemp,8209,6,monthly,USD
01/01/2003,31/01/2003,USA,unemp,9395,5.8,monthly,USD
01/02/2003,28/02/2003,USA,unemp,9260,5.9,monthly,USD
01/03/2003,31/03/2003,USA,unemp,9018,5.9,monthly,USD
01/04/2003,30/04/2003,USA,unemp,8501,6,monthly,USD
01/05/2003,31/05/2003,USA,unemp,8500,6.1,monthly,USD
01/06/2003,30/06/2003,USA,unemp,9649,6.3,monthly,USD
01/07/2003,31/07/2003,USA,unemp,9319,6.2,monthly,USD
01/08/2003,31/08/2003,USA,unemp,8830,6.1,monthly,USD
01/09/2003,30/09/2003,USA,unemp,8436,6.1,monthly,USD
01/10/2003,31/10/2003,USA,unemp,8169,6,monthly,USD
01/11/2003,30/11/2003,USA,unemp,8269,5.8,monthly,USD
01/12/2003,31/12/2003,USA,unemp,7945,5.7,monthly,USD
01/01/2004,31/01/2004,USA,unemp,9144,5.7,monthly,USD
01/02/2004,28/02/2004,USA,unemp,8770,5.6,monthly,USD
01/03/2004,31/03/2004,USA,unemp,8834,5.8,monthly,USD
01/04/2004,30/04/2004,USA,unemp,7837,5.6,monthly,USD
01/05/2004,31/05/2004,USA,unemp,7792,5.6,monthly,USD
01/06/2004,30/06/2004,USA,unemp,8616,5.6,monthly,USD
01/07/2004,31/07/2004,USA,unemp,8518,5.5,monthly,USD
01/08/2004,31/08/2004,USA,unemp,7940,5.4,monthly,USD
01/09/2004,30/09/2004,USA,unemp,7545,5.4,monthly,USD
01/10/2004,31/10/2004,USA,unemp,7531,5.5,monthly,USD
01/11/2004,30/11/2004,USA,unemp,7665,5.4,monthly,USD
01/12/2004,31/12/2004,USA,unemp,7599,5.4,monthly,USD
01/01/2005,31/01/2005,USA,unemp,8444,5.3,monthly,USD
01/02/2005,28/02/2005,USA,unemp,8549,5.4,monthly,USD
01/03/2005,31/03/2005,USA,unemp,7986,5.2,monthly,USD
01/04/2005,30/04/2005,USA,unemp,7335,5.2,monthly,USD
01/05/2005,31/05/2005,USA,unemp,7287,5.1,monthly,USD
01/06/2005,30/06/2005,USA,unemp,7870,5,monthly,USD
01/07/2005,31/07/2005,USA,unemp,7839,5,monthly,USD
01/08/2005,31/08/2005,USA,unemp,7327,4.9,monthly,USD
01/09/2005,30/09/2005,USA,unemp,7259,5,monthly,USD
01/10/2005,31/10/2005,USA,unemp,6964,5,monthly,USD
01/11/2005,30/11/2005,USA,unemp,7271,5,monthly,USD
01/12/2005,31/12/2005,USA,unemp,6956,4.9,monthly,USD
01/01/2006,31/01/2006,USA,unemp,7608,4.7,monthly,USD
01/02/2006,28/02/2006,USA,unemp,7692,4.8,monthly,USD
01/03/2006,31/03/2006,USA,unemp,7255,4.7,monthly,USD
01/04/2006,30/04/2006,USA,unemp,6804,4.7,monthly,USD
01/05/2006,31/05/2006,USA,unemp,6655,4.6,monthly,USD
01/06/2006,30/06/2006,USA,unemp,7341,4.6,monthly,USD
01/07/2006,31/07/2006,USA,unemp,7602,4.7,monthly,USD
01/08/2006,31/08/2006,USA,unemp,7086,4.7,monthly,USD
01/09/2006,30/09/2006,USA,unemp,6625,4.5,monthly,USD
01/10/2006,31/10/2006,USA,unemp,6272,4.4,monthly,USD
01/11/2006,30/11/2006,USA,unemp,6576,4.5,monthly,USD
01/12/2006,31/12/2006,USA,unemp,6491,4.4,monthly,USD
01/01/2007,31/01/2007,USA,unemp,7649,4.6,monthly,USD
01/02/2007,28/02/2007,USA,unemp,7400,4.5,monthly,USD
01/03/2007,31/03/2007,USA,unemp,6913,4.4,monthly,USD
01/04/2007,30/04/2007,USA,unemp,6532,4.5,monthly,USD
01/05/2007,31/05/2007,USA,unemp,6486,4.4,monthly,USD
01/06/2007,30/06/2007,USA,unemp,7295,4.6,monthly,USD
01/07/2007,31/07/2007,USA,unemp,7556,4.7,monthly,USD
01/08/2007,31/08/2007,USA,unemp,7088,4.6,monthly,USD
01/09/2007,30/09/2007,USA,unemp,6952,4.7,monthly,USD
01/10/2007,31/10/2007,USA,unemp,6773,4.7,monthly,USD
01/11/2007,30/11/2007,USA,unemp,6917,4.7,monthly,USD
01/12/2007,31/12/2007,USA,unemp,7371,5,monthly,USD
01/01/2008,31/01/2008,USA,unemp,8221,5,monthly,USD
01/02/2008,28/02/2008,USA,unemp,7953,4.9,monthly,USD
01/03/2008,31/03/2008,USA,unemp,8027,5.1,monthly,USD
01/04/2008,30/04/2008,USA,unemp,7287,5,monthly,USD
01/05/2008,31/05/2008,USA,unemp,8076,5.4,monthly,USD
01/06/2008,30/06/2008,USA,unemp,8933,5.6,monthly,USD
01/07/2008,31/07/2008,USA,unemp,9433,5.8,monthly,USD
01/08/2008,31/08/2008,USA,unemp,9479,6.1,monthly,USD
01/09/2008,30/09/2008,USA,unemp,9199,6.1,monthly,USD
01/10/2008,31/10/2008,USA,unemp,9469,6.5,monthly,USD
01/11/2008,30/11/2008,USA,unemp,10015,6.8,monthly,USD
01/12/2008,31/12/2008,USA,unemp,10999,7.3,monthly,USD
01/01/2009,31/01/2009,USA,unemp,13009,7.8,monthly,USD
01/02/2009,28/02/2009,USA,unemp,13699,8.3,monthly,USD
01/03/2009,31/03/2009,USA,unemp,13895,8.7,monthly,USD
01/04/2009,30/04/2009,USA,unemp,13248,9,monthly,USD
01/05/2009,31/05/2009,USA,unemp,13973,9.4,monthly,USD
01/06/2009,30/06/2009,USA,unemp,15095,9.5,monthly,USD
01/07/2009,31/07/2009,USA,unemp,15201,9.5,monthly,USD
01/08/2009,31/08/2009,USA,unemp,14823,9.6,monthly,USD
01/09/2009,30/09/2009,USA,unemp,14538,9.8,monthly,USD
01/10/2009,31/10/2009,USA,unemp,14547,10,monthly,USD
01/11/2009,30/11/2009,USA,unemp,14407,9.9,monthly,USD
01/12/2009,31/12/2009,USA,unemp,14740,9.9,monthly,USD
01/01/2010,31/01/2010,USA,unemp,16147,9.8,monthly,USD
01/02/2010,28/02/2010,USA,unemp,15991,9.8,monthly,USD
01/03/2010,31/03/2010,USA,unemp,15678,9.9,monthly,USD
01/04/2010,30/04/2010,USA,unemp,14609,9.9,monthly,USD
01/05/2010,31/05/2010,USA,unemp,14369,9.6,monthly,USD
01/06/2010,30/06/2010,USA,unemp,14885,9.4,monthly,USD
01/07/2010,31/07/2010,USA,unemp,15137,9.4,monthly,USD
01/08/2010,31/08/2010,USA,unemp,14759,9.5,monthly,USD
01/09/2010,30/09/2010,USA,unemp,14140,9.5,monthly,USD
01/10/2010,31/10/2010,USA,unemp,13903,9.4,monthly,USD
01/11/2010,30/11/2010,USA,unemp,14282,9.8,monthly,USD
01/12/2010,31/12/2010,USA,unemp,13997,9.3,monthly,USD
01/01/2011,31/01/2011,USA,unemp,14937,9.1,monthly,USD
01/02/2011,28/02/2011,USA,unemp,14542,9,monthly,USD
01/03/2011,31/03/2011,USA,unemp,14060,9,monthly,USD
01/04/2011,30/04/2011,USA,unemp,13237,9.1,monthly,USD
01/05/2011,31/05/2011,USA,unemp,13421,9,monthly,USD
01/06/2011,30/06/2011,USA,unemp,14409,9.1,monthly,USD
01/07/2011,31/07/2011,USA,unemp,14428,9,monthly,USD
01/08/2011,31/08/2011,USA,unemp,14008,9,monthly,USD
01/09/2011,30/09/2011,USA,unemp,13520,9,monthly,USD
01/10/2011,31/10/2011,USA,unemp,13102,8.8,monthly,USD
01/11/2011,30/11/2011,USA,unemp,12613,8.6,monthly,USD
01/12/2011,31/12/2011,USA,unemp,12692,8.5,monthly,USD
01/01/2012,31/01/2012,USA,unemp,13541,8.3,monthly,USD
01/02/2012,28/02/2012,USA,unemp,13430,8.3,monthly,USD
01/03/2012,31/03/2012,USA,unemp,12904,8.2,monthly,USD
01/04/2012,30/04/2012,USA,unemp,11910,8.2,monthly,USD
01/05/2012,31/05/2012,USA,unemp,12271,8.2,monthly,USD
01/06/2012,30/06/2012,USA,unemp,13184,8.2,monthly,USD
01/07/2012,31/07/2012,USA,unemp,13400,8.2,monthly,USD
01/08/2012,31/08/2012,USA,unemp,12696,8.1,monthly,USD
01/09/2012,30/09/2012,USA,unemp,11742,7.8,monthly,USD
01/10/2012,31/10/2012,USA,unemp,11741,7.8,monthly,USD
01/11/2012,30/11/2012,USA,unemp,11404,7.7,monthly,USD
01/12/2012,31/12/2012,USA,unemp,11844,7.9,monthly,USD
01/01/2013,31/01/2013,USA,unemp,13181,8,monthly,USD
01/02/2013,28/02/2013,USA,unemp,12500,7.7,monthly,USD
01/03/2013,31/03/2013,USA,unemp,11815,7.5,monthly,USD
01/04/2013,30/04/2013,USA,unemp,11014,7.6,monthly,USD
01/05/2013,31/05/2013,USA,unemp,11302,7.5,monthly,USD
01/06/2013,30/06/2013,USA,unemp,12248,7.5,monthly,USD
01/07/2013,31/07/2013,USA,unemp,12083,7.3,monthly,USD
01/08/2013,31/08/2013,USA,unemp,11462,7.2,monthly,USD
01/09/2013,30/09/2013,USA,unemp,10885,7.2,monthly,USD
01/10/2013,31/10/2013,USA,unemp,10773,7.2,monthly,USD
01/11/2013,30/11/2013,USA,unemp,10271,6.9,monthly,USD
01/12/2013,31/12/2013,USA,unemp,9984,6.7,monthly,USD
01/01/2014,31/01/2014,USA,unemp,10855,6.6,monthly,USD
01/02/2014,28/02/2014,USA,unemp,10893,6.7,monthly,USD
01/03/2014,31/03/2014,USA,unemp,10537,6.7,monthly,USD
01/04/2014,30/04/2014,USA,unemp,9079,6.2,monthly,USD
01/05/2014,31/05/2014,USA,unemp,9443,6.3,monthly,USD
01/06/2014,30/06/2014,USA,unemp,9893,6.1,monthly,USD
01/07/2014,31/07/2014,USA,unemp,10307,6.2,monthly,USD
01/08/2014,31/08/2014,USA,unemp,9787,6.1,monthly,USD
01/09/2014,30/09/2014,USA,unemp,8962,5.9,monthly,USD
01/10/2014,31/10/2014,USA,unemp,8680,5.7,monthly,USD
01/11/2014,30/11/2014,USA,unemp,8630,5.8,monthly,USD
01/12/2014,31/12/2014,USA,unemp,8331,5.6,monthly,USD
01/01/2015,31/01/2015,USA,unemp,9498,5.7,monthly,USD
01/02/2015,28/02/2015,USA,unemp,9095,5.5,monthly,USD
01/03/2015,31/03/2015,USA,unemp,8682,5.4,monthly,USD
01/04/2015,30/04/2015,USA,unemp,7966,5.4,monthly,USD
01/05/2015,31/05/2015,USA,unemp,8370,5.6,monthly,USD
01/06/2015,30/06/2015,USA,unemp,8638,5.3,monthly,USD
01/07/2015,31/07/2015,USA,unemp,8805,5.2,monthly,USD
01/08/2015,31/08/2015,USA,unemp,8162,5.1,monthly,USD
01/09/2015,30/09/2015,USA,unemp,7628,5,monthly,USD
01/10/2015,31/10/2015,USA,unemp,7597,5,monthly,USD
01/11/2015,30/11/2015,USA,unemp,7573,5.1,monthly,USD
01/12/2015,31/12/2015,USA,unemp,7542,5,monthly,USD
01/01/2016,31/01/2016,USA,unemp,8309,4.9,monthly,USD
01/02/2016,28/02/2016,USA,unemp,8219,4.9,monthly,USD
01/03/2016,31/03/2016,USA,unemp,8116,5,monthly,USD
01/04/2016,30/04/2016,USA,unemp,7413,5,monthly,USD
01/05/2016,31/05/2016,USA,unemp,7207,4.8,monthly,USD
01/06/2016,30/06/2016,USA,unemp,8144,4.9,monthly,USD
01/07/2016,31/07/2016,USA,unemp,8267,4.8,monthly,USD
01/08/2016,31/08/2016,USA,unemp,7996,4.9,monthly,USD
01/09/2016,30/09/2016,USA,unemp,7658,5,monthly,USD
01/10/2016,31/10/2016,USA,unemp,7447,4.9,monthly,USD
01/11/2016,30/11/2016,USA,unemp,7066,4.7,monthly,USD
01/12/2016,31/12/2016,USA,unemp,7170,4.7,monthly,USD
01/01/2017,31/01/2017,USA,unemp,8149,4.7,monthly,USD
01/02/2017,28/02/2017,USA,unemp,7887,4.6,monthly,USD
01/03/2017,31/03/2017,USA,unemp,7284,4.4,monthly,USD
01/04/2017,30/04/2017,USA,unemp,6555,4.4,monthly,USD
01/05/2017,31/05/2017,USA,unemp,6572,4.4,monthly,USD
01/06/2017,30/06/2017,USA,unemp,7250,4.3,monthly,USD
01/07/2017,31/07/2017,USA,unemp,7441,4.3,monthly,USD
01/08/2017,31/08/2017,USA,unemp,7287,4.4,monthly,USD
01/09/2017,30/09/2017,USA,unemp,6556,4.2,monthly,USD
01/10/2017,31/10/2017,USA,unemp,6242,4.1,monthly,USD
01/11/2017,30/11/2017,USA,unemp,6286,4.2,monthly,USD
01/12/2017,31/12/2017,USA,unemp,6278,4.1,monthly,USD
01/01/2018,31/01/2018,USA,unemp,7189,4.1,monthly,USD
01/02/2018,28/02/2018,USA,unemp,7091,4.1,monthly,USD
01/03/2018,31/03/2018,USA,unemp,6671,4,monthly,USD
01/04/2018,30/04/2018,USA,unemp,5932,4,monthly,USD
01/05/2018,31/05/2018,USA,unemp,5756,3.8,monthly,USD
01/06/2018,30/06/2018,USA,unemp,6812,4,monthly,USD
01/07/2018,31/07/2018,USA,unemp,6730,3.8,monthly,USD
01/08/2018,31/08/2018,USA,unemp,6370,3.8,monthly,USD
01/09/2018,30/09/2018,USA,unemp,5766,3.7,monthly,USD
01/10/2018,31/10/2018,USA,unemp,5771,3.8,monthly,USD
01/11/2018,30/11/2018,USA,unemp,5650,3.7,monthly,USD
01/12/2018,31/12/2018,USA,unemp,6029,3.9,monthly,USD
01/01/2019,31/01/2019,USA,unemp,7140,4,monthly,USD
01/02/2019,28/02/2019,USA,unemp,6625,3.8,monthly,USD
01/03/2019,31/03/2019,USA,unemp,6382,3.8,monthly,USD
01/04/2019,30/04/2019,USA,unemp,5387,3.6,monthly,USD
01/05/2019,31/05/2019,USA,unemp,5503,3.6,monthly,USD
01/06/2019,30/06/2019,USA,unemp,6292,3.7,monthly,USD
01/07/2019,31/07/2019,USA,unemp,6556,3.7,monthly,USD
01/08/2019,31/08/2019,USA,unemp,6203,3.7,monthly,USD
01/09/2019,30/09/2019,USA,unemp,5465,3.5,monthly,USD
01/10/2019,31/10/2019,USA,unemp,5510,3.6,monthly,USD
01/11/2019,30/11/2019,USA,unemp,5441,3.5,monthly,USD
01/12/2019,31/12/2019,USA,unemp,5503,3.5,monthly,USD
01/01/2020,31/01/2020,USA,unemp,6504,3.6,monthly,USD
01/02/2020,28/02/2020,USA,unemp,6218,3.5,monthly,USD
01/03/2020,31/03/2020,USA,unemp,7370,4.4,monthly,USD
01/04/2020,30/04/2020,USA,unemp,22504,14.7,monthly,USD
